mean_gdp,median_gdp,sd_gdp,min_gdp,max_gdp
498777372313.94995,73359163606.79575,1655672239888.8064,222100576.345483,21354105000000
